Subject,Feedback Type,Priority,Status,Assigned to,Resolution Notes,Customer Name
Product Issue,Complaint,High,New,User1,,
Late Delivery,Complaint,Medium,New,User2,,
Great Service,Praise,Low,Resolved,User3,Customer satisfied,
Billing Error,Complaint,High,In Progress,User1,Investigating issue,
App Crash,Complaint,High,New,User2,,
Feature Request,Suggestion,Medium,New,User3,,
Wrong Item Sent,Complaint,High,In Progress,User1,Replacement sent,
Slow Support,Complaint,Medium,New,User2,,
Refund Request,Complaint,High,New,User3,Refund approved,
Account Login Issue,Complaint,High,New,User1,Reset password,
