Subject,Customer,Feedback Type,Priority,Status,Assigned To,Resolution Notes
Product Issue,John Doe,Complaint,High,New,User1,
Late Delivery,Sarah Smith,Complaint,Medium,New,User2,
Great Service,Michael Brown,Praise,Low,Resolved,User3,Customer satisfied
Billing Error,Emily Johnson,Complaint,High,In Progress,User1,Investigating issue
App Crash,David Lee,Complaint,High,New,User2,
Feature Request,Olivia Davis,Suggestion,Medium,New,User3,
Wrong Item Sent,James Wilson,Complaint,High,In Progress,User1,Replacement sent
Slow Support,Sophia Martinez,Complaint,Medium,New,User2,
Refund Request,Robert Thomas,Complaint,High,New,User3,Refund approved
Account Login Issue,Emma White,Complaint,High,New,User1,Reset password
