﻿"ID","Subject","Feedback Type","Priority","Status","Assigned to","Resolution Notes","Customer Name","STATUS"
"a0AfK000000ZnibUAC","Product Issue","Complaint","High","Item Created","User1","","","Item Created"
"a0AfK000000ZnicUAC","Late Delivery","Complaint","Medium","Item Created","User2","","","Item Created"
"a0AfK000000ZnidUAC","Great Service","Praise","Low","Item Created","User3","Customer satisfied","","Item Created"
"a0AfK000000ZnieUAC","Billing Error","Complaint","High","Item Created","User1","Investigating issue","","Item Created"
"a0AfK000000ZnifUAC","App Crash","Complaint","High","Item Created","User2","","","Item Created"
"a0AfK000000ZnigUAC","Feature Request","Suggestion","Medium","Item Created","User3","","","Item Created"
"a0AfK000000ZnihUAC","Wrong Item Sent","Complaint","High","Item Created","User1","Replacement sent","","Item Created"
"a0AfK000000ZniiUAC","Slow Support","Complaint","Medium","Item Created","User2","","","Item Created"
"a0AfK000000ZnijUAC","Refund Request","Complaint","High","Item Created","User3","Refund approved","","Item Created"
"a0AfK000000ZnikUAC","Account Login Issue","Complaint","High","Item Created","User1","Reset password","","Item Created"
